Person_1,Person_2,Person_3,Person_4,Person_5,Person_6,Person_7,Person_8,Person_9,Person_10
 John Doe ,jane smith,   Tom Brown,Alice   Green,CharlieBlack,Diana  Prince,BRUCE WAYNE,clark kent,Peter    Parker,Wade Wilson
john doe ,JANE SMITH,  tom brown,ALICE GREEN,Charlie Black,Diana  prince ,bruce wayne,Clark kent,Peter Parker, wade wilson
John  Doe ,Jane  Smith,Tom   Brown,Alice Green ,Charlie Black , Diana Prince,Bruce Wayne,  Clark Kent,Peter Parker,Wade Wilson
john doe,JANE SMITH ,  tom brown,ALICE GREEN ,CharlieBlack,Diana Prince, BRUCE WAYNE,CLARK KENT,PETER PARKER, WADE WILSON
John   Doe , Jane Smith ,   Tom Brown, Alice Green,Charlie Black,Diana Prince,Bruce Wayne,Clark Kent,Peter Parker,Wade Wilson
john doe ,JANE SMITH,  tom brown,ALICE GREEN,Charlie Black ,Diana  prince ,bruce wayne,Clark kent,Peter Parker,wade wilson
Bruce Banner,Natasha Romanoff,Steve Rogers,Tony Stark,Wanda Maximoff,Stephen Strange,Thor Odinson,Carol Danvers,Scott Lang,Hope VanDyne
Bruce Banner ,NATASHA ROMANOFF,steve rogers,TONY STARK,wanda maximoff,Stephen   Strange,thor odinson,CAROL DANVERS,scott lang,HOPE VANDYNE
 bruce banner,natasha romanoff,STEVE ROGERS,tony stark ,WANDA MAXIMOFF,stephen strange,Thor   Odinson,carol danvers,Scott Lang ,hope vandyne
bruce  banner,Natasha  Romanoff,steve Rogers ,TONY STARK ,Wanda Maximoff , Stephen Strange ,Thor odinson,Carol Danvers ,Scott Lang, Hope VanDyne 
